[{"family":"MaterialIcons","fonts":[{"asset":"fonts/MaterialIcons-Regular.otf"}]},{"family":"RobotoMono","fonts":[{"asset":"assets/fonts/robotoMono/RobotoMono-Regular.ttf"},{"asset":"assets/fonts/robotoMono/RobotoMono-Medium.ttf"}]},{"family":"Roboto","fonts":[{"weight":400,"asset":"assets/fonts/roboto/Roboto-Regular.ttf"},{"weight":300,"asset":"assets/fonts/roboto/Roboto-Light.ttf"},{"weight":500,"asset":"assets/fonts/roboto/Roboto-Medium.ttf"},{"weight":700,"asset":"assets/fonts/roboto/Roboto-Bold.ttf"}]},{"family":"Noto","fonts":[{"asset":"assets/fonts/noto/NotoMono-Regular.ttf"}]},{"family":"packages/cupertino_icons/CupertinoIcons","fonts":[{"asset":"packages/cupertino_icons/assets/CupertinoIcons.ttf"}]},{"family":"packages/fluttericon/Brandico","fonts":[{"asset":"packages/fluttericon/lib/fonts/Brandico.ttf"}]},{"family":"packages/fluttericon/Elusive","fonts":[{"asset":"packages/fluttericon/lib/fonts/Elusive.ttf"}]},{"family":"packages/fluttericon/Entypo","fonts":[{"asset":"packages/fluttericon/lib/fonts/Entypo.ttf"}]},{"family":"packages/fluttericon/FontAwesome","fonts":[{"asset":"packages/fluttericon/lib/fonts/FontAwesome.ttf"}]},{"family":"packages/fluttericon/FontAwesome5","fonts":[{"asset":"packages/fluttericon/lib/fonts/FontAwesome5.ttf"}]},{"family":"packages/fluttericon/Fontelico","fonts":[{"asset":"packages/fluttericon/lib/fonts/Fontelico.ttf"}]},{"family":"packages/fluttericon/Iconic","fonts":[{"asset":"packages/fluttericon/lib/fonts/Iconic.ttf"}]},{"family":"packages/fluttericon/LineariconsFree","fonts":[{"asset":"packages/fluttericon/lib/fonts/LineariconsFree.ttf"}]},{"family":"packages/fluttericon/Linecons","fonts":[{"asset":"packages/fluttericon/lib/fonts/Linecons.ttf"}]},{"family":"packages/fluttericon/Maki","fonts":[{"asset":"packages/fluttericon/lib/fonts/Maki.ttf"}]},{"family":"packages/fluttericon/Meteocons","fonts":[{"asset":"packages/fluttericon/lib/fonts/Meteocons.ttf"}]},{"family":"packages/fluttericon/MfgLabs","fonts":[{"asset":"packages/fluttericon/lib/fonts/MfgLabs.ttf"}]},{"family":"packages/fluttericon/ModernPictograms","fonts":[{"asset":"packages/fluttericon/lib/fonts/ModernPictograms.ttf"}]},{"family":"packages/fluttericon/Typicons","fonts":[{"asset":"packages/fluttericon/lib/fonts/Typicons.ttf"}]},{"family":"packages/fluttericon/WebSymbols","fonts":[{"asset":"packages/fluttericon/lib/fonts/WebSymbols.ttf"}]},{"family":"packages/fluttericon/Zocial","fonts":[{"asset":"packages/fluttericon/lib/fonts/Zocial.ttf"}]},{"family":"packages/fluttericon/RpgAwesome","fonts":[{"asset":"packages/fluttericon/lib/fonts/RpgAwesome.ttf"}]},{"family":"packages/fluttericon/Octicons","fonts":[{"asset":"packages/fluttericon/lib/fonts/Octicons.ttf"}]}]