{"assets/experiences.json":["assets/experiences.json"],"assets/fonts/noto/NotoMono-Regular.ttf":["assets/fonts/noto/NotoMono-Regular.ttf"],"assets/fonts/roboto/Roboto-Bold.ttf":["assets/fonts/roboto/Roboto-Bold.ttf"],"assets/fonts/roboto/Roboto-Light.ttf":["assets/fonts/roboto/Roboto-Light.ttf"],"assets/fonts/roboto/Roboto-Medium.ttf":["assets/fonts/roboto/Roboto-Medium.ttf"],"assets/fonts/roboto/Roboto-Regular.ttf":["assets/fonts/roboto/Roboto-Regular.ttf"],"assets/fonts/robotoMono/RobotoMono-Medium.ttf":["assets/fonts/robotoMono/RobotoMono-Medium.ttf"],"assets/fonts/robotoMono/RobotoMono-Regular.ttf":["assets/fonts/robotoMono/RobotoMono-Regular.ttf"],"assets/img/me.png":["assets/img/me.png"],"assets/img/self_02.png":["assets/img/self_02.png"],"assets/img/self_02_HD.png":["assets/img/self_02_HD.png"],"assets/projects/projects.json":["assets/projects/projects.json"],"assets/text_template/about_me.mustache":["assets/text_template/about_me.mustache"],"packages/cupertino_icons/assets/CupertinoIcons.ttf":["packages/cupertino_icons/assets/CupertinoIcons.ttf"],"packages/fluttericon/lib/fonts/Brandico.ttf":["packages/fluttericon/lib/fonts/Brandico.ttf"],"packages/fluttericon/lib/fonts/Elusive.ttf":["packages/fluttericon/lib/fonts/Elusive.ttf"],"packages/fluttericon/lib/fonts/Entypo.ttf":["packages/fluttericon/lib/fonts/Entypo.ttf"],"packages/fluttericon/lib/fonts/FontAwesome.ttf":["packages/fluttericon/lib/fonts/FontAwesome.ttf"],"packages/fluttericon/lib/fonts/FontAwesome5.ttf":["packages/fluttericon/lib/fonts/FontAwesome5.ttf"],"packages/fluttericon/lib/fonts/Fontelico.ttf":["packages/fluttericon/lib/fonts/Fontelico.ttf"],"packages/fluttericon/lib/fonts/Iconic.ttf":["packages/fluttericon/lib/fonts/Iconic.ttf"],"packages/fluttericon/lib/fonts/LineariconsFree.ttf":["packages/fluttericon/lib/fonts/LineariconsFree.ttf"],"packages/fluttericon/lib/fonts/Linecons.ttf":["packages/fluttericon/lib/fonts/Linecons.ttf"],"packages/fluttericon/lib/fonts/Maki.ttf":["packages/fluttericon/lib/fonts/Maki.ttf"],"packages/fluttericon/lib/fonts/Meteocons.ttf":["packages/fluttericon/lib/fonts/Meteocons.ttf"],"packages/fluttericon/lib/fonts/MfgLabs.ttf":["packages/fluttericon/lib/fonts/MfgLabs.ttf"],"packages/fluttericon/lib/fonts/ModernPictograms.ttf":["packages/fluttericon/lib/fonts/ModernPictograms.ttf"],"packages/fluttericon/lib/fonts/Octicons.ttf":["packages/fluttericon/lib/fonts/Octicons.ttf"],"packages/fluttericon/lib/fonts/RpgAwesome.ttf":["packages/fluttericon/lib/fonts/RpgAwesome.ttf"],"packages/fluttericon/lib/fonts/Typicons.ttf":["packages/fluttericon/lib/fonts/Typicons.ttf"],"packages/fluttericon/lib/fonts/WebSymbols.ttf":["packages/fluttericon/lib/fonts/WebSymbols.ttf"],"packages/fluttericon/lib/fonts/Zocial.ttf":["packages/fluttericon/lib/fonts/Zocial.ttf"],"static/Martin_Backend_Engineer.pdf":["static/Martin_Backend_Engineer.pdf"]}