{
  "count": 3,
  "data": [
    {
      "name": "Crowdability",
      "isUTC": true,
      "start": 1601510400000,
      "end": 0,
      "isCurrent": true,
      "headline": "Software Engineer Contractor at [Crowdability](https://www.crowdability.com/)",
      "description": "Providing backend and DevOps support for Crowdability, an education platform for individual investors",
      "achievements": [
        "Created a Lambda (AWS) function that invalidated old content on a Cloudfront.",
        "Updated mission critical Lambda functions to version Python 3, and provided an automated pipeline to update and transition to the new functions."
      ]
    },
    {
      "name": "Bulb Rocket",
      "isUTC": true,
      "start": 1470034800000,
      "end": 1483257600000,
      "isCurrent": false,
      "headline": "Softwear Engineer Contractor",
      "description": "",
      "achievements": [
        "Managed a blog migration to Wordpress for Merlin News. Conducted the database migration and modified an existing theme to the clients specifications using PHP",
        "Conducted MySQL queries to repair text errors as a result of migrating from one database to another. Added custom fields to the database as per clients' request",
        "Imported existing blog articles for the Tycoon Report from a legacy CMS database into an existing Wordpress website"
      ]
    },
    {
      "name": "CG Generalist",
      "isUTC": true,
      "start": 1293840000000,
      "end": 1483228800000,
      "isCurrent": false,
      "headline": "Various projects",
      "description": "Worked on a series of contract jobs as a CG generalist, ranging from short films to indie game projects"
    }
  ]
}